company,slug
externaljobboards,externaljobboards
xebiacee,xebiacee
graphcore,graphcore
exadelinc,exadelinc
alarmcom,alarmcom
boxinc,boxinc
veeamsoftware,veeamsoftware
affirm,affirm
tripadvisor,tripadvisor
vonage,vonage
rtbhouse,rtbhouse
capco,capco
addepar1,addepar1
fairmarkit,fairmarkit
focalsystems,focalsystems
tenstorrent,tenstorrent
fluxon,fluxon
nearform,nearform
verkada,verkada
auctane,auctane
moniepoint,moniepoint
ingenious,ingenious
sonatus,sonatus
valtech,valtech
appfire,appfire
pandadoc,pandadoc
pointwild,pointwild
firstconnectinsurance,firstconnectinsurance
infuse,infuse
starburst,starburst
sezzle,sezzle
mthreerecruitingportal,mthreerecruitingportal
wingspan,wingspan
capstoneintegratedsolutions,capstoneintegratedsolutions
think-cell,think-cell
cloudbedsthirdpartyboard,cloudbedsthirdpartyboard
memx,memx
aura798,aura798
trelliswaretechnologies,trelliswaretechnologies
ubiquiti,ubiquiti
wrike,wrike
tenstorrentuniversity,tenstorrentuniversity
foundry,foundry
tatari,tatari
awin,awin
bvnk,bvnk
inflect,inflect
sharkninjaoperatingllc,sharkninjaoperatingllc
wppmedia,wppmedia
vmlenterprisesolutions,vmlenterprisesolutions
nscaleoperationsukltd,nscaleoperationsukltd
wolt,wolt
remotecom,remotecom
sonymusicentertainment,sonymusicentertainment
mediabrands,mediabrands
iterativehealth,iterativehealth
flohealth,flohealth
hspgroup,hspgroup
psibufet,psibufet
cfoinsights,cfoinsights
oliver,oliver
eqtpartners,eqtpartners
toogoodtogo,toogoodtogo
hrtechx,hrtechx
privateequityinsights,privateequityinsights
pfm,pfm
marqeta,marqeta
feverup,feverup
gitlab,gitlab
zam,zam
truelayer,truelayer
vgw-eu,vgw-eu
precisionmedicinegroup,precisionmedicinegroup
careaccess,careaccess
sonymusiccareerspoland,sonymusiccareerspoland
gr8tech,gr8tech
okx,okx
agency,agency
jetbrains,jetbrains
payhawkio,payhawkio
andurilindustries,andurilindustries
mqreferrals,mqreferrals
intecrowd,intecrowd
referralsuseonly,referralsuseonly
entersekt,entersekt
globalaccelerator,globalaccelerator
workatbackbase,workatbackbase
humansignal,humansignal
itd,itd
remotereferralboardinternaluseonly,remotereferralboardinternaluseonly
proalphagroup,proalphagroup
bybit,bybit
invisible,invisible
utt,utt
atlasxhm,atlasxhm
examplecorpsandbox,examplecorpsandbox
regent,regent
powerdot,powerdot
flexport,flexport
cargoo,cargoo
point72,point72
velocityelectronics,velocityelectronics
transfergo,transfergo
