company,tenant,wd_host,site
Hitachi,hitachi,wd1,hitachi
Citi,citi,wd5,2
Statestreet,statestreet,wd1,global
Freseniusmedicalcare,freseniusmedicalcare,wd3,fme
Abb,abb,wd3,External_Career_Page
BorgWarner,borgwarner,wd5,borgwarner_careers
Aptiv,aptiv,wd5,aptiv_careers
Advocate Health,aah,wd5,external
Rockwellautomation,rockwellautomation,wd1,external_rockwell_automation
Rhe (R1111),rhe,wd3,R1111
IQVIA,iqvia,wd1,iqvia
Bristolmyerssquibb,bristolmyerssquibb,wd5,bms
Brenntag,brenntag,wd3,brenntag_jobs
Strada,strada,wd12,careers
Stryker,stryker,wd1,strykercareers
ICON,icon,wd3,broadbean_external
Kiongroup,kiongroup,wd3,kiongroup
Ryder,ryder,wd5,rydercareers
Reasonable Accommodation Sabre,sabre,wd1,sabrejobs
Woodward,woodward,wd5,woodward
Aviva Investors (External),aviva,wd1,External
Mdlz,mdlz,wd3,external
Medtronic (Redeploymentmedtroniccareers),medtronic,wd1,redeploymentmedtroniccareers
Medtronic,medtronic,wd1,medtroniccareers
Synnex,synnex,wd5,tdsynnexcareers
Sbdinc,sbdinc,wd1,stanley_black_decker_career_site
Pae,pae,wd1,amentum_careers
Genpact,genpact,wd108,External_Careers
TTi Group,ttiemea,wd3,TTI
U.S. Bank,usbank,wd1,us_bank_careers
Ig,ig,wd103,ext_ig
Carrier,carrier,wd5,jobs
Cisco,cisco,wd5,cisco_careers
Airliquidehr,airliquidehr,wd3,airliquideexternalcareer
AstraZeneca,astrazeneca,wd3,careers
Kyndryl,kyndryl,wd5,kyndrylprofessionalcareers
Thermofisher,thermofisher,wd5,thermofishercareers
Company Background Planet,planet,wd3,planet
Huntsman Corporation,huntsman,wd1,huntsman
U.S. Bank (Elavon Careers),usbank,wd1,Elavon_Careers
Jj,jj,wd5,jj
Autodesk,autodesk,wd1,ext
Nvent,nvent,wd5,nvent
Alcon,alcon,wd5,careers_alcon
Sysco,sysco,wd5,syscocareers
Workday,workday,wd5,workday
Flextronics,flextronics,wd1,careers
Lyten,lyten,wd503,lyten_external_career_site
Mksinst (MKSCareersEMEA),mksinst,wd1,MKSCareersEMEA
A.P. Moller - Maersk,maersk,wd3,maersk_careers
Adient (Broadbean External),adient,wd3,broadbean_external
Remitly,remitly,wd5,remitly_careers
Travelhrportal,travelhrportal,wd1,jobs
Ac,arrow,wd1,ac
Jci,jci,wd5,jci
Mars (External),mars,wd3,External
Tsys,tsys,wd1,tsys
Hpe,hpe,wd5,acjobsite
Biibhr,biibhr,wd3,external
Abbott,abbott,wd5,abbottcareers
Flextronics (Anord Mardix Careers),flextronics,wd1,Anord_Mardix_Careers
Avon,avon,wd5,AvonCareers
Guidewire,guidewire,wd5,external
Myhr,myhr,wd3,planseegroup_career
Magna,magna,wd3,magna
Revvity,revvity,wd103,external
ABC Financial Services,abcfinancial,wd5,ABCFinancialServices
AMLRightSource,amlrightsource,wd1,amlrightsource
Cec,cecentertainment,wd5,cec_careers
Franklintempleton,franklintempleton,wd5,primary-external-1
Roche,roche,wd3,roche-ext
Visa,visa,wd5,visa
A.P. Moller - Maersk,maersk,wd3,maersk_manual
SC Johnson Candidate Portal,scj,wd5,external_career_site
Mastercard,mastercard,wd1,corporatecareers
Unilever,unilever,wd3,unilever_experienced_professionals
Trellix,trellix,wd1,enterprisecareers
Trane Technologies,tranetechnologies,wd12,Trane_Technologies_Careers
Jd,jd,wd103,careers_at_jd
Rxo,rxo,wd501,rxojobs
Logitech,logitech,wd5,logitech
Ncratleos,ncratleos,wd1,ext_non_usalteos
Hyva,hyva,wd3,HyvaGroup
Target,target,wd5,targetcareers
Newperkinelmer,newperkinelmer,wd1,external
Adtran (ADTRAN),adtran,wd3,ADTRAN
Aven Hospitality,ah,wd108,avenhospitalityjobs
Motorolasolutions,motorolasolutions,wd5,careers
Accelleron,accelleron,wd3,accelleron
Epiq,epiqsystems,wd503,epiq_careers
Urw,urw,wd3,urw_career_site
Unisys,unisys,wd5,external
There's a reason why Fiserv,fiserv,wd5,ext
Tarkett,tarkett,wd3,tarkett_careers
Solenis,solenis,wd1,solenis
RELX,relx,wd3,relx
RELX (LexisNexisLegal),relx,wd3,LexisNexisLegal
Air Products,airproducts,wd5,ap0001
Fluence Energy,fluenceenergy,wd12,fluenceenergy-jobs
Papa John's,papajohns,wd1,papajohnscareers
Solera,solera,wd5,global_career_site
Sandvik (Sandvik Jobs),sandvik,wd3,sandvik-jobs
Myhrabc,myhrabc,wd5,global
Marmon,marmon,wd501,marmon_careers
Intel,intel,wd1,external
Ingrammicro,ingrammicro,wd5,ingrammicro
Bridgestone (Wf External Careers),bridgestone,wd5,wf_external_careers
Firststudent,firststudent,wd1,firststudent
Avnet,avnet,wd1,external
ALS,alsglobal,wd103,external
Arctic Wolf,arcticwolf,wd1,external
Bpinternational (Bpcwcareerssite),bpinternational,wd3,bpcwcareerssite
Bpinternational (bpCareers),bpinternational,wd3,bpCareers
Worldmarket,worldmarket,wd5,cost_plus_world_market_jobs
Premier Research,premierresearch,wd12,premierresearch
Unilever (TMICC),unilever,wd3,TMICC
Viatris,viatris,wd5,external
RTX,globalhr,wd5,rec_rtx_ext_gateway
Paloaltonetworks,paloaltonetworks,wd5,panwexternalcareers
Panerabread,panerabread,wd5,panera_careers
Trimble,trimble,wd1,trimblecareers
TransPerfect,transperfect,wd5,transperfect
Montefiore New Rochelle,montefiore,wd12,new_rochelle
Genpt,genpt,wd1,careers
HedgeServ,hedgeserv,wd1,hedgeserv
IFF,iff,wd5,iff_careers
Hp (Exteu Ac Careersite),hp,wd5,exteu-ac-careersite
Huntington,huntington,wd12,hnbcareers
Hempel,hempel,wd3,hempelcareers
Nttlimited,nttlimited,wd3,ntt_careers
Kyriba,kyriba,wd5,Kyriba-Careers
Bridgestone,bridgestone,wd5,external
Aveva,aveva,wd3,aveva_careers
Cw,cw,wd1,external
Digital Turbine,digitalturbine,wd501,digital_turbine_external_careers
Datasite global recruitment page. This,datasite,wd1,datasite
Cohesity,cohesity,wd5,cohesity_careers
ESAB,esab,wd5,esabcareers
Lighting,lighting,wd3,jobs-and-careers
Parexel,parexel,wd1,parexel_external_careers
Forcepoint,forcepoint,wd1,external-careers
Dyson,dyson,wd3,dyson_careers
Easyservice,easyservice,wd5,mercyhealthcareers
Edwards Lifesciences,edwards,wd5,edwardscareers
Erm,erm,wd3,erm_experiencedprofessionals
CrowdStrike,crowdstrike,wd5,crowdstrikecareers
Chrobinson,chrobinson,wd5,chrobinson
Fast Retailing Group (graduates eu Uniqlo),fastretailing,wd3,graduates_eu_Uniqlo
Embryriddle,embryriddle,wd1,external
CHEP Brambles,brambles,wd5,brambles_careers
Aveva (ETAP Careers),aveva,wd3,ETAP_Careers
Autodesk (Uni),autodesk,wd1,uni
Boeing,boeing,wd1,external_subsidiary
BSI Group,bsigroup,wd3,BSI_Careers
Auto Club Group (ACG),acg,wd1,careers
Asurion,asurion,wd5,asurioncareers_us
Autostore,autostore,wd3,autostore
AstraZeneca (Emerging Talent),astrazeneca,wd3,Emerging-Talent
Amgen,amgen,wd1,careers
Alight,alight,wd5,careers
Amplity,amplity,wd1,amplityhealth
Astemo,astemo,wd102,global_career_site
Avantor,vwr,wd1,avantorjobs
Convatec,convatec,wd1,convatec
Csc,columbiasportswearcompany,wd5,csc_careers
Heidelbergmaterials,heidelbergmaterials,wd3,global_hm_career_site
Infobip,infobip,wd3,infobipcareers
Jj (NonCompetetiveHiring),jj,wd5,NonCompetetiveHiring
Kion Scs,kiongroup,wd3,kion_scs
KBR,kbr,wd5,kbr_careers
Nttlimited (Internal Employees Not On Workday),nttlimited,wd3,internal_employees_not_on_workday
NVIDIA,nvidia,wd5,nvidiaexternalcareersite
Nasdaq,nasdaq,wd1,global_external_site
Nordson,nordsonhcm,wd501,nordsoncareers
LEGO,lego,wd103,lego_external
Littelfuse,littelfuse,wd1,littelfuse-careers
LexisNexis® Risk Solutions,relx,wd3,risksolutions
GN,gn,wd3,gn-careers
Hpe,hpe,wd5,jobsathpe
Hubinternational,hubinternational,wd1,hubinternational
Hp,hp,wd5,externalcareersite
Henryschein,henryschein,wd1,external_careers
RELX (ElsevierJobs),relx,wd3,ElsevierJobs
Proofpoint,proofpoint,wd5,proofpointcareers
Philips (Internal Job Postings List For Philips Contingent Workers),philips,wd3,internal-job-postings-list-for-philips-contingent-workers
Resmed,resmed,wd3,resmed_external_careers
Sec,sec,wd3,samsung_careers
State of Maine (Executive Branch),maine,wd5,executive
Ryansg,ryansg,wd5,ryan_specialty_career_site
Sandvik (Dormerpramet Jobs),sandvik,wd3,dormerpramet-jobs
Pfizer (Internaljobs),pfizer,wd1,internaljobs
Pfizer,pfizer,wd1,pfizercareers
Philips,philips,wd3,jobs-and-careers
Tealium,tealium,wd1,Careers
Tencent,tencent,wd1,tencent_careers
UNIQLO,fastretailing,wd3,store_staff_eu_uniqlo
WP Engine,wpengine,wd1,wp_engine
Wilson,wilsonhcg,wd5,wilson_careers
WeWork,wework,wd1,wework
Workday,workday,wd5,workday_early_career
Worldwide,worldwide,wd1,external
Zendesk,zendesk,wd1,zendesk
